{
  "segment_duration": 10,
  "segment_samples": 2500,
  "embedding_vector": [
    -1.2444456815719604,
    -0.5818318724632263,
    0.6093451976776123,
    0.9095972180366516,
    -0.4514925181865692,
    1.3235970735549927,
    -0.30034399032592773,
    -0.6141079068183899,
    -0.545000433921814,
    1.6526161432266235,
    0.4213348925113678,
    0.8029246926307678,
    -0.20687077939510345,
    1.3064831495285034,
    -0.9508631825447083,
    -0.09594667702913284,
    0.4340410530567169,
    0.7965266108512878,
    1.635532021522522,
    -0.3528006076812744,
    0.013853601180016994,
    0.6696678996086121,
    -0.8922736644744873,
    -0.07095342874526978,
    -0.2719666063785553,
    -0.27323320508003235,
    -0.13198556005954742,
    0.6985125541687012,
    0.3032557964324951,
    0.3657149374485016,
    0.397729754447937,
    -0.5454147458076477,
    -0.238372340798378,
    -0.11419778317213058,
    -0.10199718922376633,
    -0.386841744184494,
    -0.515633225440979,
    0.009962920099496841,
    -0.13093553483486176,
    1.573548674583435,
    0.16065354645252228,
    0.14398275315761566,
    -0.9070946574211121,
    0.1518717110157013,
    -0.530795156955719,
    -1.3472610712051392,
    -0.42121830582618713,
    -1.096091389656067,
    -0.5680610537528992,
    -0.5972118973731995,
    0.3122998774051666,
    -0.013964538462460041,
    -1.1011207103729248,
    -0.2871825695037842,
    -0.9072834849357605,
    0.8676608204841614,
    0.23761849105358124,
    -0.08552670478820801,
    0.43985918164253235,
    -0.7451297640800476,
    -0.24177955090999603,
    -0.9392067790031433,
    -0.0772121474146843,
    0.019040478393435478,
    0.014644481241703033,
    -0.8632403016090393,
    -0.33273765444755554,
    0.9717168211936951,
    -1.0452932119369507,
    0.2165021300315857,
    0.3928343951702118,
    0.1156911626458168,
    0.2771916389465332,
    0.5105567574501038,
    -0.09754981845617294,
    -0.7155055999755859,
    -2.162612199783325,
    1.00565767288208,
    0.14981938898563385,
    0.19938117265701294,
    0.39112356305122375,
    0.5493091344833374,
    0.8479463458061218,
    -0.0842256024479866,
    -0.1374235600233078,
    -1.4277888536453247,
    -0.15716643631458282,
    2.2406907081604004,
    -0.1850895881652832,
    -0.4741871654987335,
    0.010183633305132389,
    -0.46008622646331787,
    0.8092653155326843,
    -0.23432953655719757,
    -0.36186864972114563,
    0.8553091883659363,
    -0.0743294358253479,
    2.263727903366089,
    0.44970622658729553,
    0.9933584332466125,
    0.18800127506256104,
    -0.5343961119651794,
    0.5561444163322449,
    0.1163792833685875,
    -0.44599080085754395,
    0.33129534125328064,
    -1.1685638427734375,
    -0.2887878119945526,
    0.6447964310646057,
    -1.8714357614517212,
    -0.20564572513103485,
    1.093957543373108,
    -0.8988481163978577,
    0.33426976203918457,
    0.15009625256061554,
    0.716479480266571,
    -0.3801804482936859,
    1.3336244821548462,
    -0.02613172121345997,
    -0.22538138926029205,
    -0.0784153863787651,
    -0.5104386210441589,
    -0.26202133297920227,
    0.42369112372398376,
    -0.4133952558040619,
    -0.23469381034374237,
    -0.3203016519546509,
    -0.41135069727897644,
    -0.22494937479496002,
    0.42302611470222473,
    -0.045691732317209244,
    -1.220617651939392,
    -0.30477991700172424,
    0.9742159843444824,
    -0.22503197193145752,
    0.5387632250785828,
    -0.09729354828596115,
    -0.5900207161903381,
    -0.9505696892738342,
    -0.16436485946178436,
    -0.20814894139766693,
    -0.40988704562187195,
    0.29055294394493103,
    0.42736008763313293,
    -0.10498785972595215,
    0.14843051135540009,
    -0.0836884006857872,
    -0.21949012577533722,
    -0.7772853374481201,
    -0.23775078356266022,
    -0.18258775770664215,
    -0.12848159670829773,
    -1.3921273946762085,
    -0.6828510761260986,
    -0.7697646021842957,
    0.8965790867805481,
    -0.198460653424263,
    -0.16605067253112793,
    -0.9204863905906677,
    -1.6192172765731812,
    -0.13351500034332275,
    -0.8201591372489929,
    -1.470202922821045,
    -0.9002459645271301,
    -0.6860552430152893,
    0.5822483897209167,
    0.7433118224143982,
    -0.85881108045578,
    0.43153560161590576,
    -1.3862075805664062,
    -0.6104597449302673,
    0.58891361951828,
    1.382663607597351,
    -1.5601361989974976,
    0.7027872204780579,
    -0.052684932947158813,
    0.721126139163971,
    -0.23016689717769623,
    0.33442220091819763,
    -0.7915127873420715,
    0.6798484921455383,
    0.696622908115387,
    0.7538109421730042,
    0.14512260258197784,
    -0.3553028404712677,
    -0.7590253353118896,
    0.0429876446723938,
    0.14101360738277435,
    1.1636751890182495,
    0.3886507749557495,
    0.27257439494132996,
    0.1834179162979126,
    -0.9809074401855469,
    -1.113466501235962,
    0.16586190462112427,
    0.30133894085884094,
    0.07541009783744812,
    0.20236943662166595,
    0.3421197831630707,
    -0.6700491905212402,
    1.1910759210586548,
    -0.337579607963562,
    0.13702274858951569,
    -0.4099055230617523,
    -0.012814168818295002,
    -0.1684403419494629,
    0.0064180647023022175,
    -0.20740337669849396,
    -0.6666325330734253,
    -0.9586320519447327,
    0.033171918243169785,
    0.9676398634910583,
    0.3139309883117676,
    -0.12814359366893768,
    -0.04342116788029671,
    0.38396918773651123,
    -0.036021798849105835,
    -0.9534856677055359,
    -0.17437905073165894,
    -0.38865867257118225,
    -0.21602994203567505,
    1.40883207321167,
    0.5224314332008362,
    -0.7966446280479431,
    0.2522812783718109,
    -0.35617387294769287,
    -0.10130379348993301,
    0.49884501099586487,
    -0.3672795295715332,
    0.49281787872314453,
    0.29573801159858704,
    -1.079445481300354,
    -0.32760360836982727,
    0.4696654975414276,
    0.6008666753768921,
    -0.19252938032150269,
    -0.2750476896762848,
    -0.28583404421806335,
    -0.04406072199344635,
    0.22883857786655426,
    -1.2798113822937012,
    -0.552421510219574,
    0.37291768193244934,
    0.2341335415840149,
    0.1675466150045395,
    0.1116403341293335,
    1.1679461002349854,
    -0.8647835850715637,
    -0.427256315946579,
    -0.9438788890838623,
    0.3176394999027252,
    0.5780576467514038,
    -0.3718881607055664,
    -0.5306196212768555,
    0.0790863037109375,
    0.2689463198184967,
    0.6899673938751221,
    -0.02090471237897873,
    -0.30308738350868225,
    -0.6640072464942932,
    0.9469234943389893,
    0.5697124600410461,
    1.7727898359298706,
    0.7989809513092041,
    -0.9428827166557312,
    0.020638948306441307,
    -0.47356387972831726,
    0.3743343651294708,
    -0.3633563816547394,
    0.1072152629494667,
    0.16794003546237946,
    0.43094512820243835,
    0.26635685563087463,
    -0.034415725618600845,
    -0.11879833787679672,
    -0.8818097710609436,
    0.1625463217496872,
    0.3231263756752014,
    -0.6093140840530396,
    0.18468452990055084,
    0.0882253348827362,
    0.2831740379333496,
    -0.6026806235313416,
    -0.05079488828778267,
    0.6394338011741638,
    0.25500234961509705,
    -0.5384801030158997,
    -0.6976974606513977,
    0.6262716054916382,
    -0.43883004784584045,
    0.0663653090596199,
    -1.597085952758789,
    0.5785260796546936,
    -0.8966059684753418,
    0.03574586287140846,
    0.09362710267305374,
    0.4125209152698517,
    0.07518741488456726,
    0.6678407192230225,
    0.6490483283996582,
    0.6187892556190491,
    0.503393828868866,
    0.2189832478761673,
    0.3489408791065216,
    -0.5986794233322144,
    0.5438547134399414,
    -0.3719387352466583,
    0.03802381083369255,
    -1.1857264041900635,
    -1.2392197847366333,
    -0.5243893265724182,
    0.8306939005851746,
    0.07321768999099731,
    0.9235074520111084,
    -0.3701067268848419,
    -0.21654564142227173,
    -0.4051460027694702,
    0.350125789642334,
