{
  "segment_duration": 5,
  "segment_samples": 1250,
  "embedding_vector": [
    -1.1450245380401611,
    -0.6919398903846741,
    0.6393684148788452,
    0.9037428498268127,
    -0.362021267414093,
    1.5183650255203247,
    -0.14585065841674805,
    -0.7881345152854919,
    -0.3842911720275879,
    1.7539494037628174,
    0.11373168975114822,
    0.7764490246772766,
    -0.10516385734081268,
    1.3950556516647339,
    -1.0991922616958618,
    -0.14759565889835358,
    0.2492605596780777,
    0.5087138414382935,
    1.6301976442337036,
    -0.35999706387519836,
    0.044964615255594254,
    0.626972496509552,
    -0.8074100017547607,
    -0.08407671004533768,
    -0.4086317718029022,
    -0.36901476979255676,
    -0.3265340030193329,
    0.8471868634223938,
    0.3056010603904724,
    0.2857690155506134,
    0.38782641291618347,
    -0.6237044930458069,
    -0.25700604915618896,
    -0.10356560349464417,
    0.1564900279045105,
    -0.4077298939228058,
    -0.6730449795722961,
    -0.3582923114299774,
    -0.21703225374221802,
    1.4575918912887573,
    0.23417426645755768,
    0.0930820181965828,
    -0.8140431046485901,
    -0.002112496877089143,
    -0.5038829445838928,
    -1.1011244058609009,
    -0.386915385723114,
    -1.196871042251587,
    -0.7337964773178101,
    -0.40402087569236755,
    0.31346434354782104,
    0.0588802844285965,
    -0.8775657415390015,
    -0.3378123641014099,
    -0.8520596027374268,
    1.061569333076477,
    0.23373261094093323,
    -0.029024099931120872,
    0.27997466921806335,
    -0.8677671551704407,
    -0.3776770532131195,
    -0.9850900769233704,
    -0.1261085867881775,
    0.2908523380756378,
    -0.19605213403701782,
    -0.6085875034332275,
    -0.4007597267627716,
    0.9855013489723206,
    -1.0675911903381348,
    0.26628929376602173,
    0.42324066162109375,
    0.12758876383304596,
    0.3438458740711212,
    0.6350637078285217,
    -0.23512698709964752,
    -0.6684055924415588,
    -2.13885498046875,
    0.9871927499771118,
    0.16756071150302887,
    0.3997383415699005,
    0.4094477593898773,
    0.4093216061592102,
    0.8433932662010193,
    0.25410181283950806,
    0.04939965903759003,
    -1.4741441011428833,
    -0.22498774528503418,
    2.239614725112915,
    -0.08581282198429108,
    -0.4542215168476105,
    0.23101836442947388,
    -0.803110659122467,
    0.5172072052955627,
    -0.10460271686315536,
    -0.2513059675693512,
    1.051314353942871,
    -0.1701311320066452,
    2.1459057331085205,
    0.5497028827667236,
    1.0958764553070068,
    0.18699051439762115,
    -0.47625529766082764,
    0.6044381260871887,
    0.16773580014705658,
    -0.8048171997070312,
    0.38269245624542236,
    -0.8163613677024841,
    -0.4383838474750519,
    0.3844802677631378,
    -1.7437896728515625,
    -0.09868652373552322,
    0.992190420627594,
    -0.8084516525268555,
    0.18423877656459808,
    0.33115407824516296,
    0.7047531008720398,
    -0.38937169313430786,
    1.059019923210144,
    0.19300924241542816,
    -0.20611748099327087,
    -0.31478989124298096,
    -0.3374587595462799,
    -0.16915279626846313,
    0.4301290214061737,
    -0.34055399894714355,
    0.0633956640958786,
    -0.3259841203689575,
    -0.2163306325674057,
    -0.1341397613286972,
    0.5155167579650879,
    -0.13005688786506653,
    -1.2429593801498413,
    -0.32424256205558777,
    1.0533093214035034,
    -0.2369207888841629,
    0.5258679986000061,
    0.005376525688916445,
    -0.7696687579154968,
    -1.1453709602355957,
    -0.03393271937966347,
    -0.2701948285102844,
    -0.3756854236125946,
    0.09721191227436066,
    0.2650599777698517,
    -0.3115798532962799,
    0.264042466878891,
    -0.29772141575813293,
    -0.4347473978996277,
    -0.9927243590354919,
    -0.20343197882175446,
    -0.22986797988414764,
    -0.17460596561431885,
    -1.0948325395584106,
    -0.5144466757774353,
    -0.5085071921348572,
    0.9268942475318909,
    0.07451818138360977,
    -0.11557283997535706,
    -0.9178513884544373,
    -1.6154999732971191,
    -0.4085243046283722,
    -0.9906397461891174,
    -1.7473666667938232,
    -0.9470872282981873,
    -0.6910459995269775,
    0.7083008289337158,
    0.846608579158783,
    -0.7515115737915039,
    0.3760431408882141,
    -1.3663678169250488,
    -0.4916105270385742,
    0.4414348602294922,
    1.2342108488082886,
    -1.7832423448562622,
    0.5935602188110352,
    -0.14840415120124817,
    0.8252604007720947,
    -0.15603238344192505,
    0.4788481891155243,
    -0.7520685791969299,
    0.650773286819458,
    0.8765912652015686,
    0.7039710283279419,
    0.41650810837745667,
    -0.48439520597457886,
    -0.3031545877456665,
    0.0707997977733612,
    0.25697529315948486,
    1.128602147102356,
    0.5671754479408264,
    0.2636677920818329,
    0.1625228077173233,
    -0.7072290778160095,
    -1.2154169082641602,
    -0.027648774906992912,
    0.18357110023498535,
    0.18765407800674438,
    0.42458781599998474,
    0.1542462408542633,
    -0.3242095708847046,
    1.4238065481185913,
    -0.4769906997680664,
    0.22985976934432983,
    -0.4024233818054199,
    0.10119882225990295,
    -0.11809143424034119,
    0.29427027702331543,
    -0.5807114839553833,
    -0.5886903405189514,
    -0.9676780700683594,
    0.007926905527710915,
    0.9833472967147827,
    0.35632991790771484,
    -0.3455008566379547,
    0.044782355427742004,
    0.36223846673965454,
    0.29949262738227844,
    -1.0402412414550781,
    -0.11107724159955978,
    -0.6874945163726807,
    0.0027282394003123045,
    1.1762700080871582,
    0.6337285041809082,
    -0.863236665725708,
    0.15379633009433746,
    -0.028091300278902054,
    -0.1653089076280594,
    0.4367853105068207,
    -0.4705173373222351,
    0.4235537350177765,
    0.43987083435058594,
    -1.0475027561187744,
    -0.28692781925201416,
    0.6001634001731873,
    0.7329988479614258,
    -0.3023265600204468,
    -0.5306382775306702,
    -0.28346702456474304,
    0.129677876830101,
    0.3678813874721527,
    -1.0351094007492065,
    -0.4277205169200897,
    0.2579320967197418,
    0.17599298059940338,
    0.14174114167690277,
    0.1535550057888031,
    1.137353777885437,
    -0.6007478833198547,
    -0.36600714921951294,
    -1.019281029701233,
    0.11851046234369278,
    0.582744836807251,
    -0.5983005166053772,
    -0.7624260187149048,
    -0.0267005804926157,
    -0.04043715447187424,
    0.6759876608848572,
    0.08203046023845673,
    -0.2392256110906601,
    -0.7979257106781006,
    0.8419255614280701,
    0.9538974761962891,
    1.8667298555374146,
    0.7155112028121948,
    -0.9619495868682861,
    0.05305318534374237,
    -0.5751081109046936,
    0.06713716685771942,
    -0.48879316449165344,
    0.04755418375134468,
    -0.12373034656047821,
    0.5428153276443481,
    0.1668853461742401,
    -0.16394160687923431,
    -0.12127542495727539,
    -0.7395423650741577,
    0.21277904510498047,
    0.4785499572753906,
    -0.8058645129203796,
    0.18549728393554688,
    -0.11990322917699814,
    0.04249930754303932,
    -0.5423409938812256,
    -0.1182481124997139,
    0.6682412028312683,
    0.5391626358032227,
    -0.2759725749492645,
    -0.7188517451286316,
    0.779653012752533,
    -0.636423647403717,
    -0.0455501526594162,
    -1.368314266204834,
    0.5466660857200623,
    -0.7229494452476501,
    0.2570580244064331,
    -0.1345420479774475,
    0.6724346280097961,
    -0.17630085349082947,
    0.5927422046661377,
    0.4115135073661804,
    0.4096522629261017,
    0.6195539832115173,
    0.23248697817325592,
    0.38781607151031494,
    -0.48836928606033325,
    0.5547447204589844,
    -0.4781786799430847,
    0.19406849145889282,
    -0.9375515580177307,
    -1.12848699092865,
    -0.15019910037517548,
    0.5729253888130188,
    0.09026865661144257,
    0.9067556858062744,
    -0.3364926278591156,
    -0.24030537903308868,
    -0.49288997054100037,
    0.21118897199630737,
    -1.302361249923706,
